product_type,status,distance,fare_amount,day,month,year,hour_of_day,cost_per_km,day_week
UberX,completed,6.32,17.96,18,6,2025,0,2.84,quarta
UberX,completed,6.54,24.14,17,6,2025,20,3.69,terça
UberX,completed,5.19,17.05,17,6,2025,12,3.29,terça
UberX,completed,5.13,15.97,16,6,2025,13,3.11,segunda
UberX,completed,5.19,16.95,13,6,2025,13,3.27,sexta
UberX,completed,5.13,15.91,12,6,2025,13,3.1,quinta
uberX VIP,completed,5.22,17.91,11,6,2025,12,3.43,quarta
uberX VIP,completed,5.64,17.03,10,6,2025,12,3.02,terça
uberX VIP,completed,5.1,14.95,5,6,2025,13,2.93,quinta
UberX,completed,6.71,20.9,5,6,2025,0,3.11,quinta
uberX VIP,completed,5.82,14.92,4,6,2025,13,2.56,quarta
UberX,completed,7.03,22.95,4,6,2025,2,3.26,quarta
UberX,completed,5.11,14.93,3,6,2025,13,2.92,terça
UberX,completed,6.44,24.92,3,6,2025,1,3.87,terça
uberX VIP,completed,4.94,14.92,2,6,2025,14,3.02,segunda
UberX,completed,8.8,29.99,1,6,2025,12,3.41,domingo
UberX,completed,6.44,24.92,30,5,2025,23,3.87,sexta
UberX,completed,6.45,18.91,30,5,2025,1,2.93,sexta
UberX,completed,5.0,14.91,29,5,2025,13,2.98,quinta
uberX VIP,completed,5.47,20.08,28,5,2025,11,3.67,quarta
UberX,completed,2.9,11.92,28,5,2025,2,4.11,quarta
uberX VIP,completed,4.95,16.93,27,5,2025,12,3.42,terça
uberX VIP,completed,5.43,15.9,24,5,2025,11,2.93,sábado
UberX,completed,2.83,12.91,24,5,2025,0,4.56,sábado
uberX VIP,completed,6.04,16.9,23,5,2025,12,2.8,sexta
UberX,completed,6.81,18.91,22,5,2025,23,2.78,quinta
uberX VIP,completed,5.88,16.96,22,5,2025,12,2.88,quinta
UberX,completed,6.74,16.91,21,5,2025,23,2.51,quarta
uberX VIP,completed,5.8,16.0,21,5,2025,12,2.76,quarta
UberX,completed,6.44,16.94,20,5,2025,23,2.63,terça
UberX,completed,3.75,13.91,20,5,2025,12,3.71,terça
UberX,completed,8.67,25.91,20,5,2025,9,2.99,terça
UberX,completed,2.85,10.94,20,5,2025,0,3.84,terça
uberX VIP,completed,5.72,14.92,19,5,2025,13,2.61,segunda
UberX,completed,2.78,13.93,18,5,2025,0,5.01,domingo
uberX VIP,completed,5.64,15.98,16,5,2025,12,2.83,sexta
UberX,completed,7.01,23.13,15,5,2025,13,3.3,quinta
uberX VIP,completed,4.98,17.99,14,5,2025,12,3.61,quarta
UberX,completed,4.97,16.97,13,5,2025,13,3.41,terça
UberX,completed,5.07,15.94,12,5,2025,13,3.14,segunda
uberX VIP,completed,4.92,15.94,10,5,2025,11,3.24,sábado
UberX,completed,5.12,17.91,9,5,2025,13,3.5,sexta
UberX,completed,2.98,15.9,9,5,2025,2,5.34,sexta
UberX,completed,3.68,14.97,8,5,2025,12,4.07,quinta
uberX VIP,completed,5.28,16.96,7,5,2025,12,3.21,quarta
Comfort,completed,6.75,24.55,6,5,2025,1,3.64,terça
uberX VIP,completed,6.04,15.96,5,5,2025,13,2.64,segunda
UberX,completed,4.91,16.92,3,5,2025,11,3.45,sábado
Moto,completed,8.74,17.54,28,4,2025,16,2.01,segunda
UberX,completed,6.45,18.92,26,4,2025,23,2.93,sábado
uberX VIP,completed,4.92,15.93,26,4,2025,11,3.24,sábado
UberX,completed,6.59,16.96,26,4,2025,0,2.57,sábado
UberX,completed,5.19,15.94,25,4,2025,13,3.07,sexta
uberX VIP,completed,6.44,16.92,23,4,2025,23,2.63,quarta
uberX VIP,completed,5.21,15.91,23,4,2025,13,3.05,quarta
UberX,completed,6.45,16.99,22,4,2025,17,2.63,terça
Moto,completed,8.56,12.13,22,4,2025,16,1.42,terça
UberX,completed,6.25,17.91,21,4,2025,19,2.87,segunda
uberX VIP,completed,6.66,16.91,15,4,2025,12,2.54,terça
UberX,completed,6.66,16.97,9,4,2025,23,2.55,quarta
UberX,completed,5.16,15.9,9,4,2025,13,3.08,quarta
UberX,completed,6.66,22.94,8,4,2025,16,3.44,terça
UberX,completed,3.76,15.95,7,4,2025,13,4.24,segunda
UberX,completed,6.3,22.91,5,4,2025,23,3.64,sábado
UberX,completed,4.99,17.99,5,4,2025,11,3.61,sábado
UberX,completed,3.16,22.91,5,4,2025,3,7.25,sábado
Moto,completed,3.04,8.39,4,4,2025,23,2.76,sexta
UberX,completed,6.74,20.91,3,4,2025,23,3.1,quinta
Moto,completed,9.19,12.97,3,4,2025,16,1.41,quinta
UberX,completed,4.94,15.96,3,4,2025,13,3.23,quinta
UberX,completed,5.13,16.95,2,4,2025,16,3.3,quarta
Moto,completed,8.3,13.97,2,4,2025,15,1.68,quarta
UberX,completed,5.2,15.99,1,4,2025,14,3.08,terça
Moto,completed,8.26,13.44,1,4,2025,9,1.63,terça
UberX,completed,2.96,10.96,1,4,2025,2,3.7,terça
UberX,completed,8.38,22.91,31,3,2025,17,2.73,segunda
uberX VIP,completed,4.93,14.01,31,3,2025,12,2.84,segunda
Moto,completed,8.3,14.9,31,3,2025,9,1.8,segunda
UberX,completed,6.44,23.91,29,3,2025,22,3.71,sábado
UberX,completed,4.79,15.9,29,3,2025,11,3.32,sábado
Moto,completed,8.44,13.0,28,3,2025,15,1.54,sexta
UberX,completed,2.98,12.92,28,3,2025,2,4.34,sexta
Moto,completed,8.74,14.45,27,3,2025,17,1.65,quinta
UberX,completed,4.93,16.99,27,3,2025,14,3.45,quinta
Moto,completed,8.54,29.21,27,3,2025,11,3.42,quinta
UberX,completed,6.59,18.93,27,3,2025,0,2.87,quinta
Moto,completed,8.47,11.76,26,3,2025,15,1.39,quarta
UberX,completed,5.2,16.93,26,3,2025,13,3.26,quarta
UberX,completed,2.81,16.9,25,3,2025,21,6.01,terça
Moto,completed,8.47,12.88,25,3,2025,17,1.52,terça
UberX,completed,10.76,36.99,25,3,2025,15,3.44,terça
UberX,completed,8.29,24.95,25,3,2025,13,3.01,terça
Moto,completed,8.36,13.19,25,3,2025,9,1.58,terça
UberX,completed,5.11,14.99,24,3,2025,14,2.93,segunda
UberX,completed,2.88,11.95,23,3,2025,21,4.15,domingo
Moto,completed,8.67,13.04,21,3,2025,16,1.5,sexta
UberX,completed,5.11,21.99,21,3,2025,12,4.3,sexta
UberX,completed,5.07,18.99,21,3,2025,10,3.75,sexta
Moto,completed,8.3,13.68,21,3,2025,10,1.65,sexta
UberX,completed,6.67,18.92,21,3,2025,0,2.84,sexta
Moto,completed,8.23,14.03,20,3,2025,9,1.7,quinta
Moto,completed,8.45,12.15,19,3,2025,14,1.44,quarta
UberX,completed,6.78,20.04,18,3,2025,23,2.96,terça
UberX,completed,4.94,16.97,18,3,2025,16,3.44,terça
UberX,completed,2.88,9.96,18,3,2025,0,3.46,terça
UberX,completed,5.37,16.96,17,3,2025,13,3.16,segunda
Moto,completed,8.21,14.78,17,3,2025,10,1.8,segunda
UberX,completed,6.78,17.91,15,3,2025,21,2.64,sábado
UberX,completed,6.92,20.93,14,3,2025,23,3.02,sexta
UberX,completed,5.44,18.95,13,3,2025,14,3.48,quinta
Comfort,completed,6.55,27.41,13,3,2025,1,4.18,quinta
UberX,completed,8.59,30.09,11,3,2025,19,3.5,terça
UberX,completed,2.93,10.04,9,3,2025,20,3.43,domingo
UberX,completed,2.94,11.95,9,3,2025,1,4.06,domingo
UberX,completed,1.67,8.98,8,3,2025,21,5.38,sábado
Prioridade,completed,2.99,19.29,8,3,2025,6,6.45,sábado
UberX,completed,5.13,15.93,7,3,2025,12,3.11,sexta
UberX,completed,6.89,19.31,6,3,2025,23,2.8,quinta
UberX,completed,5.61,16.99,6,3,2025,12,3.03,quinta
UberX,completed,3.22,10.03,5,3,2025,0,3.11,quarta
UberX,completed,6.47,32.98,28,2,2025,22,5.1,sexta
UberX,completed,5.58,15.98,28,2,2025,16,2.86,sexta
UberX,completed,4.29,14.91,27,2,2025,13,3.48,quinta
UberX,completed,3.02,10.98,26,2,2025,2,3.64,quarta
UberX,completed,2.98,10.9,24,2,2025,3,3.66,segunda
UberX,completed,2.84,12.93,23,2,2025,22,4.55,domingo
UberX,completed,3.05,10.91,23,2,2025,20,3.58,domingo
UberX,completed,3.08,10.94,21,2,2025,12,3.55,sexta
UberX,completed,4.02,9.98,20,2,2025,15,2.48,quinta
UberX,completed,2.87,13.03,20,2,2025,14,4.54,quinta
UberX,completed,2.1,10.99,20,2,2025,2,5.23,quinta
UberX,completed,5.63,17.92,19,2,2025,17,3.18,quarta
UberX,completed,2.98,12.94,19,2,2025,3,4.34,quarta
UberX,completed,5.19,14.91,18,2,2025,14,2.87,terça
UberX,completed,3.04,13.98,16,2,2025,0,4.6,domingo
UberX,completed,5.08,18.13,14,2,2025,13,3.57,sexta
UberX,completed,7.14,22.96,13,2,2025,23,3.22,quinta
UberX,completed,4.99,16.97,13,2,2025,13,3.4,quinta
UberX,completed,2.04,10.91,13,2,2025,3,5.35,quinta
UberX,completed,10.66,25.96,12,2,2025,19,2.44,quarta
UberX,completed,5.11,17.98,12,2,2025,13,3.52,quarta
UberX,completed,5.27,16.91,11,2,2025,13,3.21,terça
UberX,completed,3.18,20.97,10,2,2025,3,6.59,segunda
UberX,completed,9.34,34.95,5,2,2025,10,3.74,quarta
UberX,completed,5.51,16.95,4,2,2025,15,3.08,terça
UberX,completed,2.43,13.95,2,2,2025,23,5.74,domingo
UberX,completed,4.4,14.97,2,2,2025,19,3.4,domingo
UberX,completed,7.29,21.95,31,1,2025,20,3.01,sexta
UberX,completed,3.21,9.94,31,1,2025,16,3.1,sexta
UberX,completed,3.06,10.93,30,1,2025,15,3.57,quinta
UberX,completed,1.64,10.0,30,1,2025,14,6.1,quinta
UberX,completed,3.04,12.07,30,1,2025,13,3.97,quinta
UberX,completed,2.97,12.99,30,1,2025,2,4.37,quinta
UberX,completed,5.06,18.02,29,1,2025,21,3.56,quarta
UberX,driver_canceled,0.0,3.33,29,1,2025,21,inf,quarta
Comfort,completed,5.56,30.83,29,1,2025,17,5.54,quarta
UberX,completed,8.25,27.59,27,1,2025,21,3.34,segunda
UberX,completed,3.05,11.55,27,1,2025,13,3.79,segunda
Prioridade,completed,3.63,27.12,24,1,2025,3,7.47,sexta
UberX,driver_canceled,0.0,4.83,24,1,2025,2,inf,sexta
UberX,completed,0.88,9.1,20,1,2025,10,10.34,segunda
UberX,completed,3.03,10.99,14,1,2025,22,3.63,terça
UberX,completed,2.93,12.93,13,1,2025,3,4.41,segunda
UberX,completed,2.93,11.96,12,1,2025,21,4.08,domingo
UberX,completed,10.97,29.91,11,1,2025,4,2.73,sábado
UberX,completed,2.29,13.28,10,1,2025,13,5.8,sexta
UberX,completed,2.44,12.63,10,1,2025,13,5.18,sexta
UberX,completed,2.02,12.02,10,1,2025,4,5.95,sexta
UberX,completed,5.65,17.99,9,1,2025,14,3.18,quinta
UberX,completed,2.03,12.0,9,1,2025,4,5.91,quinta
UberX,completed,5.04,16.65,8,1,2025,15,3.3,quarta
UberX,completed,2.11,11.24,8,1,2025,3,5.33,quarta
UberX,completed,5.07,19.08,7,1,2025,14,3.76,terça
UberX,completed,3.01,19.9,1,1,2025,10,6.61,quarta
UberX,completed,4.87,23.95,30,12,2024,1,4.92,segunda
UberX,completed,2.98,13.94,28,12,2024,4,4.68,sábado
UberX,completed,0.82,11.78,22,12,2024,13,14.37,domingo
UberX,completed,0.83,10.98,22,12,2024,13,13.23,domingo
Prioridade,completed,5.66,25.8,20,12,2024,13,4.56,sexta
UberX,completed,2.04,13.13,20,12,2024,3,6.44,sexta
UberX,completed,5.19,20.4,19,12,2024,17,3.93,quinta
UberX,completed,2.02,11.74,19,12,2024,4,5.81,quinta
UberX,completed,5.19,19.29,18,12,2024,15,3.72,quarta
UberX,completed,18.17,47.68,17,12,2024,18,2.62,terça
UberX,completed,2.07,11.87,17,12,2024,3,5.73,terça
UberX,completed,5.03,19.56,13,12,2024,16,3.89,sexta
UberX,completed,16.58,48.4,13,12,2024,12,2.92,sexta
UberX,completed,2.1,13.46,13,12,2024,3,6.41,sexta
UberX,completed,5.12,22.45,12,12,2024,12,4.38,quinta
UberX,completed,5.65,23.86,11,12,2024,11,4.22,quarta
UberX,completed,4.34,17.86,11,12,2024,3,4.12,quarta
UberX,completed,5.78,23.66,10,12,2024,15,4.09,terça
UberX,completed,20.01,82.67,9,12,2024,21,4.13,segunda
UberX,completed,16.48,45.64,6,12,2024,11,2.77,sexta
Prioridade,completed,6.44,28.06,4,12,2024,1,4.36,quarta
UberX,completed,4.92,13.99,2,12,2024,13,2.84,segunda
UberX,completed,2.95,14.78,2,12,2024,3,5.01,segunda
UberX,completed,1.59,11.11,1,12,2024,23,6.99,domingo
UberX,completed,3.01,14.37,1,12,2024,19,4.77,domingo
UberX,completed,5.09,20.64,29,11,2024,15,4.06,sexta
UberX,completed,5.45,23.92,28,11,2024,11,4.39,quinta
UberX,completed,2.95,11.94,28,11,2024,4,4.05,quinta
UberX,completed,5.66,18.91,26,11,2024,14,3.34,terça
UberX,completed,5.64,20.13,25,11,2024,13,3.57,segunda
UberX,completed,16.52,43.1,25,11,2024,11,2.61,segunda
UberX,completed,8.15,29.23,24,11,2024,21,3.59,domingo
UberX,completed,6.95,25.5,20,11,2024,14,3.67,quarta
UberX,completed,16.97,39.8,20,11,2024,12,2.35,quarta
UberX,completed,5.48,29.98,14,11,2024,11,5.47,quinta
UberX,completed,4.34,19.34,8,11,2024,23,4.46,sexta
UberX,completed,5.41,26.24,1,11,2024,3,4.85,sexta
UberX,completed,6.78,22.83,30,10,2024,18,3.37,quarta
UberX,completed,8.19,25.52,29,10,2024,13,3.12,terça
UberX,completed,5.53,26.59,29,10,2024,11,4.81,terça
UberX,completed,2.95,16.64,26,10,2024,21,5.64,sábado
UberX,completed,9.06,25.31,26,10,2024,14,2.79,sábado
Prioridade,completed,5.48,40.38,22,10,2024,11,7.37,terça
UberX,completed,2.94,12.46,20,10,2024,21,4.24,domingo
Prioridade,completed,5.11,28.62,18,10,2024,11,5.6,sexta
UberX,completed,5.77,23.18,17,10,2024,12,4.02,quinta
UberX,completed,5.2,23.79,16,10,2024,12,4.57,quarta
UberX,completed,2.95,12.24,15,10,2024,2,4.15,terça
UberX,completed,2.9,14.39,14,10,2024,22,4.96,segunda
UberX,completed,3.04,13.98,13,10,2024,12,4.6,domingo
UberX,completed,8.63,24.94,11,10,2024,13,2.89,sexta
UberX,completed,5.18,21.61,10,10,2024,12,4.17,quinta
UberX,completed,5.1,22.22,9,10,2024,12,4.36,quarta
UberX,completed,6.81,21.87,9,10,2024,0,3.21,quarta
UberX,completed,5.05,23.3,8,10,2024,12,4.61,terça
UberX,completed,2.94,13.98,8,10,2024,2,4.76,terça
UberX,completed,5.2,21.22,7,10,2024,12,4.08,segunda
UberX,completed,4.14,17.12,5,10,2024,18,4.14,sábado
uberX VIP,completed,5.46,21.63,4,10,2024,12,3.96,sexta
UberX,completed,5.34,23.67,3,10,2024,10,4.43,quinta
Prioridade,completed,8.42,37.95,3,10,2024,1,4.51,quinta
Prioridade,completed,5.72,25.91,1,10,2024,12,4.53,terça
UberX,completed,5.08,21.41,1,10,2024,10,4.21,terça
UberX,completed,6.59,18.63,1,10,2024,0,2.83,terça
Comfort,completed,3.01,22.61,30,9,2024,11,7.51,segunda
UberX,completed,3.12,11.56,29,9,2024,18,3.71,domingo
UberX,completed,5.63,18.98,28,9,2024,17,3.37,sábado
UberX,completed,4.19,21.89,27,9,2024,23,5.22,sexta
Prioridade,completed,5.24,25.53,27,9,2024,12,4.87,sexta
UberX,completed,2.17,13.15,26,9,2024,19,6.06,quinta
UberX,completed,3.76,18.1,26,9,2024,18,4.81,quinta
UberX,completed,3.13,14.81,26,9,2024,17,4.73,quinta
UberX,completed,2.99,14.22,26,9,2024,13,4.76,quinta
UberX,completed,6.44,23.8,26,9,2024,12,3.7,quinta
UberX,completed,5.01,18.66,25,9,2024,13,3.72,quarta
UberX,completed,6.62,20.63,24,9,2024,13,3.12,terça
UberX,completed,5.64,18.34,23,9,2024,12,3.25,segunda
UberX,completed,4.78,15.36,21,9,2024,15,3.21,sábado
UberX,completed,5.72,19.83,18,9,2024,13,3.47,quarta
UberX,completed,5.19,20.24,17,9,2024,12,3.9,terça
UberX,completed,4.98,15.46,16,9,2024,14,3.1,segunda
UberX,completed,5.8,18.41,14,9,2024,13,3.17,sábado
UberX,completed,6.44,24.56,14,9,2024,0,3.81,sábado
UberX,completed,2.94,13.98,12,9,2024,3,4.76,quinta
UberX,completed,6.6,21.7,7,9,2024,20,3.29,sábado
UberX,completed,5.27,19.45,31,8,2024,13,3.69,sábado
UberX,completed,6.17,27.4,30,8,2024,23,4.44,sexta
UberX,completed,2.87,16.87,30,8,2024,10,5.88,sexta
UberX,completed,6.96,23.25,30,8,2024,1,3.34,sexta
UberX,completed,3.03,14.88,29,8,2024,10,4.91,quinta
UberX,completed,2.08,10.88,29,8,2024,3,5.23,quinta
UberX,completed,4.97,17.1,28,8,2024,22,3.44,quarta
UberX,completed,4.0,16.73,28,8,2024,16,4.18,quarta
UberX,completed,7.57,29.48,26,8,2024,21,3.89,segunda
UberX,completed,6.54,19.17,24,8,2024,18,2.93,sábado
UberX,completed,2.03,11.4,24,8,2024,3,5.62,sábado
UberX,completed,2.09,11.42,23,8,2024,2,5.46,sexta
UberX,completed,1.92,12.34,22,8,2024,17,6.43,quinta
UberX,completed,4.89,17.42,21,8,2024,17,3.56,quarta
UberX,completed,3.49,16.38,21,8,2024,16,4.69,quarta
UberX,completed,3.35,13.68,19,8,2024,17,4.08,segunda
UberX,completed,3.07,9.22,14,8,2024,10,3.0,quarta
UberX,completed,6.6,30.35,12,8,2024,20,4.6,segunda
UberX,completed,3.73,13.79,12,8,2024,18,3.7,segunda
UberX,completed,11.71,34.96,10,8,2024,16,2.99,sábado
UberX,completed,11.43,25.92,10,8,2024,10,2.27,sábado
Prioridade,completed,1.76,14.76,10,8,2024,0,8.39,sábado
UberX,completed,3.08,14.92,9,8,2024,22,4.84,sexta
UberX,completed,2.95,18.97,7,8,2024,10,6.43,quarta
UberX,completed,7.26,29.95,3,8,2024,17,4.13,sábado
UberX,completed,3.4,15.91,31,7,2024,10,4.68,quarta
UberX,completed,4.85,18.48,26,7,2024,18,3.81,sexta
UberX,completed,10.45,26.2,25,7,2024,17,2.51,quinta
UberX,completed,6.74,21.49,24,7,2024,23,3.19,quarta
UberX,completed,5.21,19.45,24,7,2024,1,3.73,quarta
UberX,completed,4.8,16.95,23,7,2024,23,3.53,terça
UberX,completed,6.75,23.79,23,7,2024,0,3.52,terça
UberX,completed,5.42,18.3,18,7,2024,20,3.38,quinta
UberX,completed,2.19,11.88,18,7,2024,17,5.42,quinta
uberX VIP,completed,2.8,14.75,18,7,2024,10,5.27,quinta
UberX,completed,2.73,14.31,17,7,2024,10,5.24,quarta
Prioridade,completed,2.76,18.06,16,7,2024,10,6.54,terça
UberX,completed,3.03,13.57,13,7,2024,18,4.48,sábado
UberX,completed,4.88,19.45,13,7,2024,13,3.99,sábado
UberX,completed,2.1,12.32,12,7,2024,16,5.87,sexta
UberX,completed,2.94,14.13,12,7,2024,10,4.81,sexta
UberX,completed,2.16,8.45,10,7,2024,16,3.91,quarta
UberX,completed,2.09,11.54,9,7,2024,16,5.52,terça
UberX,completed,2.97,16.79,9,7,2024,11,5.65,terça
UberX,completed,4.5,20.14,8,7,2024,23,4.48,segunda
UberX,completed,2.1,11.6,8,7,2024,16,5.52,segunda
UberX,completed,5.49,23.29,7,7,2024,23,4.24,domingo
UberX,completed,3.54,14.31,7,7,2024,18,4.04,domingo
UberX,completed,1.23,9.44,7,7,2024,14,7.67,domingo
UberX,completed,4.44,18.1,6,7,2024,19,4.08,sábado
uberX VIP,completed,3.1,15.0,5,7,2024,11,4.84,sexta
UberX,completed,2.96,17.75,2,7,2024,11,6.0,terça
UberX,completed,2.08,11.95,27,6,2024,1,5.75,quinta
UberX,completed,2.17,11.54,26,6,2024,17,5.32,quarta
UberX,completed,7.5,24.21,26,6,2024,0,3.23,quarta
UberX,completed,3.21,14.41,23,6,2024,21,4.49,domingo
UberX,completed,4.68,18.93,20,6,2024,20,4.04,quinta
UberX,completed,0.74,9.33,20,6,2024,19,12.61,quinta
UberX,completed,6.47,20.15,20,6,2024,18,3.11,quinta
UberX,completed,0.27,8.05,19,6,2024,16,29.81,quarta
UberX,completed,1.17,8.1,18,6,2024,16,6.92,terça
UberX,completed,6.33,23.81,17,6,2024,23,3.76,segunda
uberX VIP,completed,6.46,19.62,16,6,2024,12,3.04,domingo
uberX VIP,completed,4.17,20.71,16,6,2024,2,4.97,domingo
UberX,completed,6.46,21.56,15,6,2024,19,3.34,sábado
UberX,completed,7.05,21.89,15,6,2024,12,3.1,sábado
UberX,completed,2.17,11.8,13,6,2024,16,5.44,quinta
UberX,completed,2.94,11.91,5,6,2024,11,4.05,quarta
UberX,completed,2.17,11.97,4,6,2024,16,5.52,terça
UberX,completed,6.76,22.07,2,6,2024,16,3.26,domingo
UberX,completed,8.7,33.46,2,6,2024,4,3.85,domingo
UberX,driver_canceled,0.0,0.0,2,6,2024,3,,domingo
UberX,completed,9.23,29.53,1,6,2024,23,3.2,sábado
UberX,completed,1.18,8.0,1,6,2024,22,6.78,sábado
UberX,completed,6.5,19.11,1,6,2024,20,2.94,sábado
UberX,completed,8.83,21.65,30,5,2024,18,2.45,quinta
UberX,completed,8.62,22.87,30,5,2024,3,2.65,quinta
UberX,completed,5.64,21.28,29,5,2024,11,3.77,quarta
UberX,completed,6.68,24.11,28,5,2024,23,3.61,terça
Prioridade,completed,2.79,19.5,28,5,2024,10,6.99,terça
UberX,completed,6.53,23.22,15,5,2024,0,3.56,quarta
UberX,completed,2.05,11.89,14,5,2024,16,5.8,terça
UberX,completed,2.05,11.61,13,5,2024,16,5.66,segunda
UberX,completed,7.88,22.93,12,5,2024,18,2.91,domingo
UberX,completed,3.17,14.06,5,5,2024,14,4.44,domingo
UberX,completed,1.11,9.44,4,5,2024,20,8.5,sábado
UberX,completed,4.32,15.39,4,5,2024,19,3.56,sábado
UberX,completed,2.03,10.47,29,4,2024,16,5.16,segunda
UberX,completed,1.96,12.04,26,4,2024,17,6.14,sexta
UberX,completed,2.98,12.62,26,4,2024,10,4.23,sexta
UberX,completed,2.79,12.64,25,4,2024,10,4.53,quinta
UberX,completed,2.87,12.51,24,4,2024,10,4.36,quarta
UberX,completed,11.69,31.01,24,4,2024,1,2.65,quarta
UberX,completed,2.96,15.3,19,4,2024,10,5.17,sexta
Prioridade,completed,3.02,19.21,18,4,2024,10,6.36,quinta
UberX,completed,2.91,14.88,16,4,2024,10,5.11,terça
uberX VIP,completed,2.09,9.92,16,4,2024,2,4.75,terça
UberX,driver_canceled,0.0,6.28,11,4,2024,16,inf,quinta
UberX,completed,2.93,15.27,11,4,2024,10,5.21,quinta
Prioridade,completed,2.96,25.01,9,4,2024,10,8.45,terça
UberX,completed,6.52,29.51,9,4,2024,0,4.53,terça
UberX,completed,2.03,12.9,5,4,2024,16,6.35,sexta
UberX,completed,2.97,19.92,2,4,2024,10,6.71,terça
UberX,completed,3.03,14.55,1,4,2024,22,4.8,segunda
Prioridade,completed,2.99,17.34,28,3,2024,10,5.8,quinta
UberX,completed,6.9,20.74,26,3,2024,19,3.01,terça
Prioridade,completed,3.09,19.78,26,3,2024,10,6.4,terça
UberX,completed,5.6,20.22,26,3,2024,1,3.61,terça
Moto,completed,1.37,4.91,25,3,2024,23,3.58,segunda
Prioridade,completed,6.65,24.02,22,3,2024,23,3.61,sexta
UberX,completed,3.08,21.82,21,3,2024,10,7.08,quinta
UberX,completed,6.78,21.13,19,3,2024,23,3.12,terça
Moto,completed,2.74,12.06,18,3,2024,10,4.4,segunda
Moto,completed,3.41,6.71,16,3,2024,15,1.97,sábado
Moto,completed,2.95,10.4,12,3,2024,10,3.53,terça
UberX,completed,2.02,9.98,12,3,2024,2,4.94,terça
UberX,completed,2.04,13.98,11,3,2024,16,6.85,segunda
Moto,completed,2.43,6.82,8,3,2024,2,2.81,sexta
UberX,completed,3.0,15.99,7,3,2024,10,5.33,quinta
UberX,completed,2.75,16.02,6,3,2024,10,5.83,quarta
Moto,completed,2.05,6.14,6,3,2024,2,3.0,quarta
UberX,completed,1.57,11.64,5,3,2024,17,7.41,terça
UberX,completed,2.03,10.03,5,3,2024,3,4.94,terça
uberX VIP,completed,2.56,13.98,2,3,2024,21,5.46,sábado
Moto,completed,3.39,9.21,2,3,2024,17,2.72,sábado
UberX,completed,3.29,20.2,1,3,2024,20,6.14,sexta
Moto,completed,2.95,11.79,1,3,2024,10,4.0,sexta
Moto,completed,2.05,5.58,1,3,2024,3,2.72,sexta
Prioridade,completed,3.01,23.21,29,2,2024,10,7.71,quinta
UberX,completed,1.96,14.22,28,2,2024,17,7.26,quarta
UberX,driver_canceled,0.0,3.35,28,2,2024,10,inf,quarta
Moto,completed,3.73,9.95,27,2,2024,21,2.67,terça
UberX,completed,2.72,13.13,27,2,2024,10,4.83,terça
Moto,completed,4.58,17.69,27,2,2024,1,3.86,terça
UberX,completed,6.95,19.1,26,2,2024,23,2.75,segunda
UberX,completed,1.96,17.33,26,2,2024,16,8.84,segunda
UberX,completed,2.71,23.4,26,2,2024,10,8.63,segunda
UberX,completed,3.06,12.11,24,2,2024,2,3.96,sábado
UberX,completed,1.96,10.25,23,2,2024,17,5.23,sexta
Prioridade,completed,3.16,22.04,23,2,2024,10,6.97,sexta
UberX,completed,2.09,12.29,23,2,2024,1,5.88,sexta
UberX,completed,3.1,13.01,22,2,2024,12,4.2,quinta
UberX,driver_canceled,0.0,2.1,21,2,2024,23,inf,quarta
UberX,completed,1.96,10.34,21,2,2024,16,5.28,quarta
UberX,completed,2.06,13.8,21,2,2024,12,6.7,quarta
UberX,completed,2.99,16.12,20,2,2024,12,5.39,terça
UberX,completed,6.66,18.51,20,2,2024,0,2.78,terça
Moto,completed,8.24,11.38,18,2,2024,21,1.38,domingo
UberX,completed,8.97,19.15,18,2,2024,11,2.13,domingo
UberX,completed,6.74,17.72,17,2,2024,13,2.63,sábado
UberX,completed,5.29,19.08,16,2,2024,17,3.61,sexta
UberX,completed,1.96,11.12,15,2,2024,21,5.67,quinta
UberX,completed,3.0,14.4,15,2,2024,19,4.8,quinta
UberX,completed,3.11,13.33,15,2,2024,17,4.29,quinta
UberX,completed,3.0,12.52,15,2,2024,14,4.17,quinta
UberX,completed,6.5,23.85,15,2,2024,11,3.67,quinta
UberX,completed,1.83,11.08,15,2,2024,1,6.05,quinta
UberX,completed,3.85,13.67,14,2,2024,23,3.55,quarta
UberX,completed,3.15,12.7,13,2,2024,16,4.03,terça
UberX,completed,6.47,21.36,12,2,2024,23,3.3,segunda
UberX,completed,5.36,16.96,12,2,2024,14,3.16,segunda
UberX,completed,3.29,13.95,8,2,2024,19,4.24,quinta
UberX,completed,7.38,29.98,31,1,2024,23,4.06,quarta
UberX,completed,7.21,22.25,27,1,2024,10,3.09,sábado
UberX,completed,14.54,26.8,25,1,2024,14,1.84,quinta
UberX,completed,1.81,10.34,25,1,2024,1,5.71,quinta
UberX,completed,5.03,16.97,24,1,2024,9,3.37,quarta
UberX,completed,5.42,19.69,23,1,2024,13,3.63,terça
UberX,completed,7.06,13.29,23,1,2024,0,1.88,terça
UberX,completed,5.5,17.48,17,1,2024,16,3.18,quarta
UberX,completed,3.03,8.59,17,1,2024,12,2.83,quarta
UberX,completed,7.4,21.4,9,1,2024,14,2.89,terça
UberX,completed,11.65,24.73,9,1,2024,11,2.12,terça
UberX,completed,6.96,18.79,9,1,2024,0,2.7,terça
UberX,driver_canceled,0.0,6.22,9,1,2024,0,inf,terça
UberX,completed,5.06,19.18,8,1,2024,12,3.79,segunda
Comfort,completed,0.52,10.99,15,12,2023,10,21.13,sexta
UberX,completed,1.46,8.99,14,12,2023,12,6.16,quinta
Prioridade,completed,6.4,27.56,12,12,2023,22,4.31,terça
UberX,completed,2.16,11.92,9,12,2023,20,5.52,sábado
UberX,completed,0.48,9.91,9,12,2023,20,20.65,sábado
UberX,completed,3.07,13.91,9,12,2023,12,4.53,sábado
UberX,completed,7.46,24.14,9,12,2023,0,3.24,sábado
UberX,completed,0.79,10.92,8,12,2023,23,13.82,sexta
UberX,completed,5.81,21.71,4,12,2023,15,3.74,segunda
UberX,completed,4.97,21.15,4,12,2023,13,4.26,segunda
UberX,completed,5.9,23.14,4,12,2023,12,3.92,segunda
UberX,completed,6.84,29.11,1,12,2023,19,4.26,sexta
UberX,completed,5.68,21.07,30,11,2023,12,3.71,quinta
UberX,completed,3.46,14.96,29,11,2023,17,4.32,quarta
UberX,completed,2.12,10.93,29,11,2023,16,5.16,quarta
UberX,completed,6.23,24.04,28,11,2023,15,3.86,terça
UberX,completed,7.56,23.84,28,11,2023,12,3.15,terça
UberX,completed,6.48,21.17,27,11,2023,22,3.27,segunda
UberX,completed,8.94,23.57,27,11,2023,18,2.64,segunda
UberX,completed,7.26,33.67,27,11,2023,15,4.64,segunda
UberX,completed,7.2,25.47,26,11,2023,16,3.54,domingo
UberX,completed,7.25,21.69,26,11,2023,12,2.99,domingo
UberX,completed,8.58,27.04,25,11,2023,15,3.15,sábado
UberX,completed,10.01,22.31,25,11,2023,14,2.23,sábado
UberX,completed,7.24,22.73,25,11,2023,0,3.14,sábado
UberX,completed,4.29,19.42,24,11,2023,16,4.53,sexta
UberX,completed,9.18,22.09,24,11,2023,12,2.41,sexta
UberX,completed,5.98,27.85,23,11,2023,21,4.66,quinta
UberX,completed,10.92,34.05,23,11,2023,19,3.12,quinta
UberX,completed,5.58,20.13,23,11,2023,16,3.61,quinta
UberX,completed,2.59,8.95,23,11,2023,15,3.46,quinta
UberX,completed,6.85,22.3,23,11,2023,13,3.26,quinta
UberX,completed,6.65,25.11,22,11,2023,23,3.78,quarta
UberX,completed,7.48,22.26,22,11,2023,18,2.98,quarta
UberX,completed,6.37,36.06,21,11,2023,21,5.66,terça
UberX,completed,7.37,22.71,21,11,2023,16,3.08,terça
UberX,completed,7.29,27.65,21,11,2023,10,3.79,terça
UberX,completed,7.47,19.92,20,11,2023,15,2.67,segunda
UberX,completed,8.94,19.92,20,11,2023,12,2.23,segunda
UberX,completed,7.15,20.02,18,11,2023,15,2.8,sábado
UberX,completed,0.67,9.9,18,11,2023,14,14.78,sábado
UberX,completed,7.21,19.99,18,11,2023,12,2.77,sábado
UberX,completed,7.18,19.96,16,11,2023,16,2.78,quinta
UberX,completed,8.21,19.91,16,11,2023,13,2.43,quinta
UberX,completed,6.89,24.99,16,11,2023,10,3.63,quinta
UberX,completed,5.11,14.99,15,11,2023,18,2.93,quarta
UberX,completed,0.0,8.03,15,11,2023,17,inf,quarta
Prioridade,completed,2.81,16.84,12,11,2023,3,5.99,domingo
uberX VIP,completed,1.79,9.9,11,11,2023,17,5.53,sábado
uberX VIP,completed,5.45,20.03,11,11,2023,16,3.68,sábado
UberX,completed,7.26,19.93,10,11,2023,10,2.75,sexta
uberX VIP,completed,7.04,19.99,9,11,2023,10,2.84,quinta
uberX VIP,completed,7.27,19.99,8,11,2023,10,2.75,quarta
Prioridade,completed,7.23,42.33,7,11,2023,10,5.85,terça
UberX,completed,7.69,19.51,3,11,2023,17,2.54,sexta
UberX,completed,3.73,19.0,3,11,2023,16,5.09,sexta
UberX,completed,8.27,20.76,3,11,2023,10,2.51,sexta
UberX,completed,8.21,20.29,3,11,2023,1,2.47,sexta
uberX VIP,completed,6.47,15.64,2,11,2023,18,2.42,quinta
UberX,completed,8.28,20.92,1,11,2023,10,2.53,quarta
UberX,completed,7.74,19.8,31,10,2023,23,2.56,terça
UberX,completed,7.38,23.18,31,10,2023,10,3.14,terça
UberX,completed,7.62,17.72,30,10,2023,23,2.33,segunda
UberX,completed,2.14,11.51,30,10,2023,15,5.38,segunda
Prioridade,completed,7.38,28.4,30,10,2023,10,3.85,segunda
UberX,completed,8.29,20.96,27,10,2023,10,2.53,sexta
UberX,completed,3.3,14.91,27,10,2023,1,4.52,sexta
uberX VIP,completed,7.74,21.55,27,10,2023,0,2.78,sexta
UberX,completed,4.12,15.66,26,10,2023,15,3.8,quinta
UberX,completed,7.22,22.08,26,10,2023,10,3.06,quinta
uberX VIP,completed,7.33,20.95,25,10,2023,10,2.86,quarta
UberX,completed,8.72,22.39,23,10,2023,10,2.57,segunda
UberX,completed,2.97,14.49,21,10,2023,5,4.88,sábado
UberX,completed,7.3,20.45,19,10,2023,10,2.8,quinta
UberX,completed,7.27,20.54,18,10,2023,10,2.83,quarta
uberX VIP,completed,7.32,21.51,17,10,2023,10,2.94,terça
UberX,driver_canceled,0.0,0.0,17,10,2023,2,,terça
UberX,completed,7.22,29.02,16,10,2023,10,4.02,segunda
UberX,completed,9.39,32.85,15,10,2023,21,3.5,domingo
uberX VIP,completed,9.5,20.25,15,10,2023,16,2.13,domingo
uberX VIP,completed,6.88,18.71,13,10,2023,16,2.72,sexta
UberX,completed,6.86,26.12,13,10,2023,2,3.81,sexta
UberX,completed,7.59,28.47,13,10,2023,1,3.75,sexta
uberX VIP,completed,4.09,15.81,11,10,2023,14,3.87,quarta
Prioridade,completed,8.52,28.34,11,10,2023,10,3.33,quarta
UberX,completed,7.28,22.09,10,10,2023,10,3.03,terça
UberX,completed,6.96,23.29,9,10,2023,15,3.35,segunda
Prioridade,completed,7.39,30.27,9,10,2023,10,4.1,segunda
UberX,driver_canceled,0.0,0.0,9,10,2023,10,,segunda
UberX,completed,11.3,28.35,8,10,2023,21,2.51,domingo
UberX,completed,8.33,17.36,8,10,2023,17,2.08,domingo
UberX,completed,7.97,21.67,8,10,2023,3,2.72,domingo
uberX VIP,completed,4.08,18.26,6,10,2023,22,4.48,sexta
UberX,completed,6.85,25.33,6,10,2023,10,3.7,sexta
UberX,driver_canceled,0.0,2.1,6,10,2023,10,inf,sexta
UberX,completed,4.15,17.84,5,10,2023,15,4.3,quinta
UberX,completed,6.93,23.04,5,10,2023,10,3.32,quinta
UberX,completed,7.67,23.25,4,10,2023,21,3.03,quarta
uberX VIP,completed,4.15,18.68,4,10,2023,14,4.5,quarta
uberX VIP,completed,8.24,19.72,4,10,2023,10,2.39,quarta
UberX,completed,7.25,30.99,3,10,2023,10,4.27,terça
UberX,completed,7.8,25.22,3,10,2023,0,3.23,terça
uberX VIP,completed,4.17,21.97,2,10,2023,15,5.27,segunda
uberX VIP,completed,7.25,21.54,2,10,2023,10,2.97,segunda
uberX VIP,completed,2.44,11.84,1,10,2023,0,4.85,domingo
UberX,completed,5.85,24.31,30,9,2023,22,4.16,sábado
uberX VIP,completed,6.74,14.74,30,9,2023,17,2.19,sábado
uberX VIP,completed,2.53,11.83,29,9,2023,20,4.68,sexta
uberX VIP,completed,4.01,14.3,29,9,2023,18,3.57,sexta
uberX VIP,completed,7.28,19.11,29,9,2023,10,2.62,sexta
uberX VIP,completed,7.62,19.48,29,9,2023,0,2.56,sexta
uberX VIP,completed,3.63,14.56,28,9,2023,17,4.01,quinta
uberX VIP,completed,4.26,13.7,28,9,2023,15,3.22,quinta
uberX VIP,completed,6.9,18.55,28,9,2023,10,2.69,quinta
uberX VIP,completed,7.81,17.69,28,9,2023,1,2.27,quinta
uberX VIP,completed,4.17,20.21,27,9,2023,15,4.85,quarta
uberX VIP,completed,7.27,17.05,27,9,2023,9,2.35,quarta
uberX VIP,completed,7.26,17.48,26,9,2023,16,2.41,terça
uberX VIP,completed,3.21,13.4,26,9,2023,2,4.17,terça
uberX VIP,completed,3.64,15.19,25,9,2023,12,4.17,segunda
uberX VIP,completed,1.05,9.44,25,9,2023,12,8.99,segunda
uberX VIP,driver_canceled,0.0,2.1,25,9,2023,11,inf,segunda
uberX VIP,completed,7.59,20.98,25,9,2023,10,2.76,segunda
uberX VIP,completed,9.79,24.7,23,9,2023,20,2.52,sábado
uberX VIP,completed,6.41,17.33,22,9,2023,15,2.7,sexta
uberX VIP,completed,8.52,28.37,21,9,2023,23,3.33,quinta
uberX VIP,completed,7.01,17.22,20,9,2023,12,2.46,quarta
uberX VIP,completed,9.11,21.21,20,9,2023,1,2.33,quarta
uberX VIP,completed,7.59,21.32,19,9,2023,22,2.81,terça
uberX VIP,completed,5.02,17.25,18,9,2023,12,3.44,segunda
Moto,completed,4.4,6.42,17,9,2023,13,1.46,domingo
uberX VIP,completed,4.65,19.22,17,9,2023,0,4.13,domingo
uberX VIP,completed,5.17,14.27,16,9,2023,18,2.76,sábado
uberX VIP,completed,9.22,23.28,13,9,2023,20,2.52,quarta
uberX VIP,completed,8.35,20.05,13,9,2023,18,2.4,quarta
uberX VIP,completed,3.16,13.26,10,9,2023,10,4.2,domingo
uberX VIP,completed,5.04,17.36,10,9,2023,5,3.44,domingo
uberX VIP,completed,4.65,13.02,10,9,2023,3,2.8,domingo
uberX VIP,completed,6.67,19.04,6,9,2023,16,2.85,quarta
uberX VIP,completed,3.1,12.09,4,9,2023,16,3.9,segunda
uberX VIP,completed,3.21,11.79,3,9,2023,18,3.67,domingo
uberX VIP,completed,3.05,14.28,2,9,2023,23,4.68,sábado
uberX VIP,completed,9.35,27.49,1,9,2023,11,2.94,sexta
uberX VIP,completed,5.77,19.95,31,8,2023,23,3.46,quinta
UberX,completed,4.98,19.8,31,8,2023,11,3.98,quinta
uberX VIP,completed,8.87,24.54,28,8,2023,22,2.77,segunda
uberX VIP,completed,7.58,19.41,28,8,2023,12,2.56,segunda
uberX VIP,completed,8.38,20.93,25,8,2023,10,2.5,sexta
uberX VIP,completed,4.9,17.55,22,8,2023,23,3.58,terça
Moto,completed,3.24,5.52,19,8,2023,20,1.7,sábado
uberX VIP,completed,7.82,22.21,12,8,2023,1,2.84,sábado
uberX VIP,completed,8.51,21.56,11,8,2023,9,2.53,sexta
uberX VIP,completed,7.8,25.74,11,8,2023,0,3.3,sexta
uberX VIP,completed,7.86,19.21,10,8,2023,15,2.44,quinta
uberX VIP,completed,7.74,22.85,10,8,2023,1,2.95,quinta
uberX VIP,completed,4.18,17.82,9,8,2023,14,4.26,quarta
uberX VIP,completed,8.41,22.28,9,8,2023,10,2.65,quarta
Moto,completed,3.0,7.22,9,8,2023,1,2.41,quarta
uberX VIP,completed,4.78,15.65,9,8,2023,0,3.27,quarta
uberX VIP,completed,3.56,15.84,8,8,2023,18,4.45,terça
uberX VIP,completed,2.87,14.35,8,8,2023,0,5.0,terça
uberX VIP,completed,4.14,17.65,7,8,2023,15,4.26,segunda
uberX VIP,completed,8.82,31.22,7,8,2023,11,3.54,segunda
uberX VIP,completed,6.94,14.74,7,8,2023,1,2.12,segunda
uberX VIP,completed,6.4,17.22,6,8,2023,18,2.69,domingo
uberX VIP,completed,8.56,30.42,5,8,2023,0,3.55,sábado
uberX VIP,completed,7.82,27.5,4,8,2023,1,3.52,sexta
uberX VIP,completed,4.84,12.67,3,8,2023,13,2.62,quinta
UberX,completed,6.89,28.66,3,8,2023,2,4.16,quinta
uberX VIP,completed,5.45,18.94,1,8,2023,13,3.48,terça
uberX VIP,completed,6.96,25.17,1,8,2023,0,3.62,terça
uberX VIP,completed,4.01,17.19,31,7,2023,15,4.29,segunda
uberX VIP,completed,0.7,11.19,29,7,2023,16,15.99,sábado
uberX VIP,completed,5.05,18.32,29,7,2023,14,3.63,sábado
uberX VIP,completed,5.46,21.49,28,7,2023,16,3.94,sexta
uberX VIP,completed,5.29,15.2,27,7,2023,16,2.87,quinta
uberX VIP,completed,8.8,24.25,26,7,2023,23,2.76,quarta
UberX,completed,8.8,21.51,26,7,2023,10,2.44,quarta
uberX VIP,completed,6.89,19.97,26,7,2023,0,2.9,quarta
uberX VIP,completed,6.7,18.83,25,7,2023,16,2.81,terça
uberX VIP,completed,4.17,17.17,24,7,2023,15,4.12,segunda
uberX VIP,completed,6.59,20.75,24,7,2023,0,3.15,segunda
uberX VIP,completed,5.83,16.75,23,7,2023,19,2.87,domingo
uberX VIP,completed,5.04,14.6,20,7,2023,16,2.9,quinta
uberX VIP,completed,7.67,26.6,19,7,2023,20,3.47,quarta
uberX VIP,driver_canceled,0.0,2.1,19,7,2023,14,inf,quarta
uberX VIP,completed,7.52,18.69,18,7,2023,13,2.49,terça
uberX VIP,completed,7.55,22.15,17,7,2023,23,2.93,segunda
uberX VIP,completed,8.55,23.79,17,7,2023,10,2.78,segunda
Moto,completed,3.03,6.6,16,7,2023,23,2.18,domingo
uberX VIP,completed,6.48,19.09,14,7,2023,12,2.95,sexta
uberX VIP,completed,5.74,19.88,14,7,2023,11,3.46,sexta
uberX VIP,completed,3.04,11.12,14,7,2023,0,3.66,sexta
uberX VIP,completed,9.13,29.27,13,7,2023,23,3.21,quinta
uberX VIP,completed,8.63,21.82,13,7,2023,22,2.53,quinta
uberX VIP,completed,5.44,15.52,13,7,2023,14,2.85,quinta
uberX VIP,completed,8.79,24.92,13,7,2023,0,2.84,quinta
uberX VIP,completed,6.95,18.8,12,7,2023,0,2.71,quarta
uberX VIP,completed,6.61,20.15,11,7,2023,12,3.05,terça
uberX VIP,completed,8.41,28.85,10,7,2023,10,3.43,segunda
uberX VIP,completed,6.68,16.9,8,7,2023,10,2.53,sábado
uberX VIP,completed,6.67,22.7,7,7,2023,13,3.4,sexta
UberX,completed,2.43,11.9,6,7,2023,12,4.9,quinta
uberX VIP,completed,3.64,15.22,5,7,2023,13,4.18,quarta
uberX VIP,completed,6.83,19.23,4,7,2023,13,2.82,terça
uberX VIP,completed,3.22,13.01,3,7,2023,12,4.04,segunda
uberX VIP,completed,7.38,18.99,30,6,2023,16,2.57,sexta
uberX VIP,completed,9.45,20.91,29,6,2023,12,2.21,quinta
uberX VIP,completed,7.94,18.63,29,6,2023,12,2.35,quinta
uberX VIP,completed,7.24,19.26,29,6,2023,9,2.66,quinta
uberX VIP,driver_canceled,0.0,2.0,29,6,2023,9,inf,quinta
uberX VIP,completed,3.09,11.29,29,6,2023,0,3.65,quinta
uberX VIP,completed,5.5,17.8,28,6,2023,11,3.24,quarta
uberX VIP,completed,7.47,19.54,27,6,2023,1,2.62,terça
UberX,completed,3.22,14.53,26,6,2023,2,4.51,segunda
uberX VIP,completed,3.11,11.47,25,6,2023,19,3.69,domingo
uberX VIP,completed,4.45,14.32,24,6,2023,22,3.22,sábado
UberX,completed,10.47,27.83,24,6,2023,16,2.66,sábado
uberX VIP,completed,11.12,23.17,24,6,2023,12,2.08,sábado
uberX VIP,completed,4.98,19.79,23,6,2023,22,3.97,sexta
uberX VIP,completed,3.31,13.75,23,6,2023,21,4.15,sexta
uberX VIP,completed,3.18,11.21,22,6,2023,22,3.53,quinta
uberX VIP,completed,1.09,9.15,21,6,2023,19,8.39,quarta
uberX VIP,completed,5.57,19.57,20,6,2023,11,3.51,terça
uberX VIP,completed,6.9,19.15,19,6,2023,23,2.78,segunda
uberX VIP,completed,7.29,20.27,19,6,2023,9,2.78,segunda
uberX VIP,completed,5.48,18.99,17,6,2023,17,3.47,sábado
uberX VIP,completed,5.31,14.69,17,6,2023,16,2.77,sábado
uberX VIP,completed,8.16,22.28,17,6,2023,15,2.73,sábado
uberX VIP,completed,9.89,22.04,17,6,2023,11,2.23,sábado
uberX VIP,completed,6.81,19.18,16,6,2023,14,2.82,sexta
uberX VIP,completed,1.43,11.21,16,6,2023,2,7.84,sexta
uberX VIP,completed,14.99,34.92,13,6,2023,23,2.33,terça
uberX VIP,completed,3.56,13.64,13,6,2023,16,3.83,terça
uberX VIP,completed,10.16,25.83,10,6,2023,15,2.54,sábado
uberX VIP,completed,10.05,23.29,10,6,2023,12,2.32,sábado
uberX VIP,completed,3.53,11.99,8,6,2023,20,3.4,quinta
UberX,completed,4.37,12.54,8,6,2023,17,2.87,quinta
uberX VIP,completed,4.31,12.22,8,6,2023,17,2.84,quinta
UberX,completed,0.0,7.74,7,6,2023,1,inf,quarta
uberX VIP,completed,4.04,15.18,6,6,2023,15,3.76,terça
UberX,completed,3.09,10.94,4,6,2023,13,3.54,domingo
uberX VIP,completed,1.62,9.92,29,5,2023,13,6.12,segunda
uberX VIP,completed,3.04,9.91,27,5,2023,19,3.26,sábado
uberX VIP,completed,6.96,19.94,26,5,2023,11,2.86,sexta
UberX,completed,7.13,20.0,26,5,2023,10,2.81,sexta
uberX VIP,completed,1.51,8.94,25,5,2023,15,5.92,quinta
uberX VIP,completed,1.47,9.93,25,5,2023,12,6.76,quinta
uberX VIP,completed,6.9,21.98,24,5,2023,18,3.19,quarta
uberX VIP,completed,7.36,20.09,24,5,2023,16,2.73,quarta
uberX VIP,completed,7.95,19.96,24,5,2023,13,2.51,quarta
uberX VIP,completed,6.38,19.95,20,5,2023,15,3.13,sábado
uberX VIP,completed,0.89,8.95,20,5,2023,14,10.06,sábado
uberX VIP,completed,0.87,8.96,20,5,2023,14,10.3,sábado
uberX VIP,completed,7.17,19.94,20,5,2023,12,2.78,sábado
uberX VIP,completed,7.24,19.94,19,5,2023,17,2.75,sexta
uberX VIP,completed,6.26,17.98,19,5,2023,15,2.87,sexta
uberX VIP,completed,5.76,16.96,19,5,2023,12,2.94,sexta
uberX VIP,completed,8.49,19.97,16,5,2023,13,2.35,terça
uberX VIP,completed,8.9,19.93,16,5,2023,10,2.24,terça
uberX VIP,completed,5.78,13.5,15,5,2023,12,2.34,segunda
uberX VIP,completed,3.95,12.03,14,5,2023,14,3.05,domingo
uberX VIP,completed,6.01,14.84,13,5,2023,18,2.47,sábado
uberX VIP,completed,6.39,18.88,13,5,2023,15,2.95,sábado
uberX VIP,completed,7.22,18.54,13,5,2023,13,2.57,sábado
uberX VIP,completed,3.04,17.63,12,5,2023,23,5.8,sexta
uberX VIP,completed,3.62,12.59,12,5,2023,19,3.48,sexta
uberX VIP,completed,3.09,12.04,12,5,2023,18,3.9,sexta
uberX VIP,completed,3.23,9.54,10,5,2023,23,2.95,quarta
uberX VIP,completed,3.56,9.19,10,5,2023,12,2.58,quarta
uberX VIP,completed,4.04,14.73,9,5,2023,22,3.65,terça
uberX VIP,completed,3.7,14.78,9,5,2023,21,3.99,terça
uberX VIP,completed,3.57,13.31,9,5,2023,16,3.73,terça
uberX VIP,completed,6.42,22.55,9,5,2023,13,3.51,terça
uberX VIP,completed,5.66,20.34,9,5,2023,12,3.59,terça
uberX VIP,completed,3.69,12.21,8,5,2023,18,3.31,segunda
uberX VIP,completed,6.28,20.57,6,5,2023,15,3.28,sábado
uberX VIP,completed,5.81,17.75,6,5,2023,12,3.06,sábado
uberX VIP,completed,0.0,6.99,5,5,2023,17,inf,sexta
uberX VIP,completed,6.92,16.76,5,5,2023,14,2.42,sexta
uberX VIP,completed,3.12,9.71,5,5,2023,0,3.11,sexta
UberX,completed,6.58,19.82,4,5,2023,22,3.01,quinta
uberX VIP,completed,7.54,20.38,4,5,2023,21,2.7,quinta
uberX VIP,completed,3.06,10.55,2,5,2023,18,3.45,terça
uberX VIP,completed,5.58,17.87,2,5,2023,17,3.2,terça
uberX VIP,completed,1.85,9.78,2,5,2023,16,5.29,terça
uberX VIP,completed,5.83,15.73,2,5,2023,13,2.7,terça
uberX VIP,completed,3.24,12.54,2,5,2023,0,3.87,terça
uberX VIP,completed,3.04,9.42,1,5,2023,18,3.1,segunda
uberX VIP,completed,10.52,24.96,28,4,2023,15,2.37,sexta
uberX VIP,completed,3.07,12.96,28,4,2023,12,4.22,sexta
uberX VIP,completed,3.13,12.98,26,4,2023,9,4.15,quarta
uberX VIP,completed,1.77,10.98,25,4,2023,21,6.2,terça
uberX VIP,completed,3.86,10.96,25,4,2023,19,2.84,terça
uberX VIP,completed,3.18,10.92,25,4,2023,17,3.43,terça
uberX VIP,completed,4.38,12.94,25,4,2023,16,2.95,terça
uberX VIP,completed,4.39,11.98,24,4,2023,22,2.73,segunda
uberX VIP,completed,3.18,8.9,24,4,2023,21,2.8,segunda
uberX VIP,completed,3.03,10.97,24,4,2023,20,3.62,segunda
uberX VIP,completed,0.54,7.49,23,4,2023,15,13.87,domingo
uberX VIP,completed,4.9,13.97,22,4,2023,11,2.85,sábado
uberX VIP,completed,6.9,16.99,22,4,2023,11,2.46,sábado
uberX VIP,completed,3.04,11.02,21,4,2023,23,3.62,sexta
uberX VIP,completed,3.16,9.92,20,4,2023,0,3.14,quinta
uberX VIP,completed,3.21,10.94,19,4,2023,1,3.41,quarta
uberX VIP,completed,3.66,11.95,18,4,2023,13,3.27,terça
uberX VIP,completed,4.94,12.99,18,4,2023,12,2.63,terça
uberX VIP,completed,3.08,9.94,17,4,2023,20,3.23,segunda
uberX VIP,completed,4.68,13.93,16,4,2023,21,2.98,domingo
UberX,completed,0.0,8.44,15,4,2023,16,inf,sábado
uberX VIP,completed,6.1,17.18,15,4,2023,13,2.82,sábado
uberX VIP,completed,4.59,13.44,14,4,2023,19,2.93,sexta
uberX VIP,completed,4.81,16.9,14,4,2023,14,3.51,sexta
uberX VIP,completed,4.95,16.44,14,4,2023,2,3.32,sexta
uberX VIP,completed,0.92,8.17,14,4,2023,1,8.88,sexta
uberX VIP,completed,3.82,11.43,13,4,2023,23,2.99,quinta
uberX VIP,completed,3.63,11.01,13,4,2023,21,3.03,quinta
uberX VIP,completed,2.47,10.02,13,4,2023,17,4.06,quinta
uberX VIP,completed,3.17,9.49,12,4,2023,18,2.99,quarta
uberX VIP,completed,6.7,20.68,11,4,2023,20,3.09,terça
uberX VIP,completed,1.16,6.38,11,4,2023,19,5.5,terça
uberX VIP,completed,5.42,14.26,11,4,2023,18,2.63,terça
uberX VIP,completed,0.88,6.18,11,4,2023,17,7.02,terça
uberX VIP,completed,9.49,26.04,11,4,2023,13,2.74,terça
uberX VIP,completed,8.64,23.5,11,4,2023,11,2.72,terça
uberX VIP,completed,6.94,24.93,11,4,2023,0,3.59,terça
uberX VIP,completed,8.19,18.92,10,4,2023,13,2.31,segunda
uberX VIP,completed,3.63,11.38,10,4,2023,13,3.13,segunda
uberX VIP,completed,3.23,9.4,8,4,2023,20,2.91,sábado
uberX VIP,completed,3.06,9.8,8,4,2023,19,3.2,sábado
uberX VIP,completed,3.7,10.02,5,4,2023,19,2.71,quarta
UberX,completed,6.21,25.83,4,4,2023,23,4.16,terça
uberX VIP,completed,7.04,14.71,4,4,2023,13,2.09,terça
UberX,completed,4.85,21.82,3,4,2023,23,4.5,segunda
UberX,completed,5.65,16.97,31,3,2023,0,3.0,sexta
uberX VIP,completed,5.03,15.03,30,3,2023,18,2.99,quinta
uberX VIP,completed,3.04,10.11,30,3,2023,14,3.33,quinta
uberX VIP,completed,3.56,15.23,29,3,2023,11,4.28,quarta
uberX VIP,completed,3.19,17.42,28,3,2023,23,5.46,terça
uberX VIP,completed,4.68,14.94,28,3,2023,22,3.19,terça
Moto,completed,4.72,10.09,21,3,2023,23,2.14,terça
uberX VIP,completed,5.16,14.26,20,3,2023,13,2.76,segunda
uberX VIP,completed,10.11,34.51,20,3,2023,12,3.41,segunda
uberX VIP,completed,5.64,14.3,17,3,2023,13,2.54,sexta
uberX VIP,completed,5.43,15.32,16,3,2023,19,2.82,quinta
uberX VIP,completed,4.97,17.89,15,3,2023,18,3.6,quarta
uberX VIP,completed,3.03,12.02,10,3,2023,14,3.97,sexta
uberX VIP,completed,4.86,16.27,9,3,2023,17,3.35,quinta
uberX VIP,completed,6.11,16.25,7,3,2023,17,2.66,terça
uberX VIP,completed,6.84,18.65,6,3,2023,23,2.73,segunda
uberX VIP,completed,5.31,22.76,6,3,2023,17,4.29,segunda
Moto,completed,3.16,7.13,6,3,2023,2,2.26,segunda
uberX VIP,completed,3.07,9.71,4,3,2023,19,3.16,sábado
Moto,completed,4.94,13.78,3,3,2023,16,2.79,sexta
Moto,completed,5.05,11.39,27,2,2023,12,2.26,segunda
Moto,completed,5.55,12.57,24,2,2023,0,2.26,sexta
Moto,completed,0.43,5.6,23,2,2023,19,13.02,quinta
Moto,completed,0.89,5.85,23,2,2023,19,6.57,quinta
uberX VIP,completed,4.43,12.91,20,2,2023,14,2.91,segunda
uberX VIP,completed,4.38,9.65,20,2,2023,13,2.2,segunda
uberX VIP,completed,0.87,6.67,19,2,2023,13,7.67,domingo
uberX VIP,completed,0.79,6.71,19,2,2023,13,8.49,domingo
UberX,completed,2.04,11.03,17,2,2023,22,5.41,sexta
uberX VIP,completed,3.49,9.71,17,2,2023,20,2.78,sexta
UberX,completed,3.21,13.44,17,2,2023,11,4.19,sexta
UberX,completed,1.42,10.39,16,2,2023,17,7.32,quinta
UberX,completed,1.59,7.82,16,2,2023,17,4.92,quinta
UberX,completed,3.33,11.26,16,2,2023,14,3.38,quinta
uberX VIP,completed,4.98,30.01,15,2,2023,17,6.03,quarta
uberX VIP,completed,5.0,15.65,13,2,2023,18,3.13,segunda
uberX VIP,completed,3.15,9.7,13,2,2023,14,3.08,segunda
uberX VIP,completed,5.58,13.77,11,2,2023,12,2.47,sábado
uberX VIP,completed,3.04,9.13,9,2,2023,1,3.0,quinta
uberX VIP,completed,5.96,17.45,8,2,2023,17,2.93,quarta
uberX VIP,completed,5.53,14.61,7,2,2023,14,2.64,terça
uberX VIP,completed,2.42,14.64,5,2,2023,18,6.05,domingo
Moto,completed,4.91,14.98,3,2,2023,16,3.05,sexta
uberX VIP,completed,5.15,14.57,2,2,2023,19,2.83,quinta
uberX VIP,completed,3.21,9.87,1,2,2023,23,3.07,quarta
uberX VIP,completed,3.22,9.94,1,2,2023,14,3.09,quarta
uberX VIP,completed,5.31,15.67,1,2,2023,12,2.95,quarta
uberX VIP,completed,5.23,13.25,1,2,2023,10,2.53,quarta
uberX VIP,completed,5.04,13.78,31,1,2023,16,2.73,terça
uberX VIP,completed,3.93,12.87,29,1,2023,21,3.27,domingo
uberX VIP,completed,3.18,8.99,29,1,2023,20,2.83,domingo
uberX VIP,completed,7.85,20.18,28,1,2023,13,2.57,sábado
uberX VIP,completed,5.43,16.49,27,1,2023,12,3.04,sexta
uberX VIP,completed,4.97,14.72,26,1,2023,16,2.96,quinta
uberX VIP,completed,5.42,14.39,23,1,2023,18,2.65,segunda
uberX VIP,completed,3.87,8.61,22,1,2023,19,2.22,domingo
Moto,completed,4.8,9.65,20,1,2023,23,2.01,sexta
uberX VIP,completed,3.32,11.62,20,1,2023,16,3.5,sexta
uberX VIP,completed,3.16,9.7,20,1,2023,2,3.07,sexta
uberX VIP,completed,4.91,14.56,19,1,2023,16,2.97,quinta
uberX VIP,completed,4.89,14.07,18,1,2023,17,2.88,quarta
uberX VIP,completed,4.93,15.3,16,1,2023,18,3.1,segunda
uberX VIP,completed,3.05,10.47,14,1,2023,23,3.43,sábado
uberX VIP,completed,5.94,17.22,14,1,2023,15,2.9,sábado
uberX VIP,completed,3.19,10.58,14,1,2023,14,3.32,sábado
uberX VIP,completed,5.44,13.81,14,1,2023,12,2.54,sábado
uberX VIP,completed,4.91,13.85,13,1,2023,16,2.82,sexta
uberX VIP,completed,3.08,11.28,9,1,2023,20,3.66,segunda
uberX VIP,completed,5.06,14.03,6,1,2023,17,2.77,sexta
uberX VIP,completed,5.92,14.73,4,1,2023,0,2.49,quarta
uberX VIP,completed,7.12,19.45,3,1,2023,0,2.73,terça
uberX VIP,completed,5.19,13.33,2,1,2023,14,2.57,segunda
Moto,completed,2.38,8.87,1,1,2023,14,3.73,domingo
uberX VIP,completed,3.97,9.75,31,12,2022,14,2.46,sábado
uberX VIP,completed,4.29,13.01,25,12,2022,18,3.03,domingo
uberX VIP,completed,5.66,20.79,25,12,2022,1,3.67,domingo
Moto,completed,6.51,12.85,22,12,2022,16,1.97,quinta
uberX VIP,completed,6.45,13.63,20,12,2022,5,2.11,terça
Moto,completed,7.8,13.52,20,12,2022,1,1.73,terça
uberX VIP,completed,0.79,6.63,10,12,2022,14,8.39,sábado
uberX VIP,completed,3.22,18.94,7,12,2022,21,5.88,quarta
uberX VIP,completed,4.54,12.26,27,11,2022,22,2.7,domingo
uberX VIP,completed,5.31,13.84,27,11,2022,20,2.61,domingo
uberX VIP,completed,6.79,16.21,11,11,2022,11,2.39,sexta
uberX VIP,completed,4.38,16.07,10,11,2022,12,3.67,quinta
uberX VIP,completed,5.75,25.11,9,11,2022,11,4.37,quarta
uberX VIP,completed,6.66,14.28,29,10,2022,10,2.14,sábado
uberX VIP,completed,6.38,25.01,28,10,2022,17,3.92,sexta
uberX VIP,completed,7.81,17.15,28,10,2022,14,2.2,sexta
uberX VIP,completed,5.65,23.0,26,10,2022,16,4.07,quarta
uberX VIP,completed,4.75,12.86,26,10,2022,0,2.71,quarta
uberX VIP,completed,5.93,30.72,25,10,2022,17,5.18,terça
UberX,completed,7.33,19.94,24,10,2022,1,2.72,segunda
UberX,completed,6.29,22.15,22,10,2022,18,3.52,sábado
uberX VIP,completed,8.14,20.04,22,10,2022,14,2.46,sábado
uberX VIP,completed,8.18,18.81,22,10,2022,2,2.3,sábado
uberX VIP,completed,5.27,16.48,21,10,2022,20,3.13,sexta
uberX VIP,completed,6.36,21.43,18,10,2022,23,3.37,terça
uberX VIP,completed,6.83,21.28,18,10,2022,11,3.12,terça
uberX VIP,completed,6.74,18.01,17,10,2022,18,2.67,segunda
UberX,completed,14.43,30.12,16,10,2022,1,2.09,domingo
UberX,completed,2.16,11.84,15,10,2022,21,5.48,sábado
UberX,completed,2.36,9.17,15,10,2022,14,3.89,sábado
uberX VIP,completed,2.38,8.42,12,10,2022,19,3.54,quarta
UberX,completed,4.92,19.86,10,10,2022,11,4.04,segunda
UberX,completed,4.39,28.93,5,10,2022,20,6.59,quarta
UberX,completed,8.25,19.49,29,9,2022,9,2.36,quinta
UberX,completed,2.28,8.73,28,9,2022,12,3.83,quarta
UberX,completed,6.36,18.72,26,9,2022,2,2.94,segunda
UberX,completed,4.69,18.63,25,9,2022,21,3.97,domingo
UberX,completed,2.38,9.12,25,9,2022,14,3.83,domingo
UberX,completed,4.29,10.46,25,9,2022,14,2.44,domingo
UberX,completed,2.25,9.16,24,9,2022,14,4.07,sábado
UberX,completed,6.95,27.36,23,9,2022,1,3.94,sexta
UberX,completed,2.49,8.88,18,9,2022,19,3.57,domingo
UberX,completed,3.78,10.03,17,9,2022,15,2.65,sábado
UberX,completed,4.98,18.69,13,9,2022,11,3.75,terça
UberX,completed,10.01,25.04,12,9,2022,15,2.5,segunda
UberX,completed,1.81,7.95,12,9,2022,0,4.39,segunda
UberX,completed,1.98,8.32,11,9,2022,22,4.2,domingo
UberX,completed,6.85,25.5,9,9,2022,22,3.72,sexta
UberX,completed,0.66,8.14,8,9,2022,19,12.33,quinta
UberX,completed,2.42,9.74,8,9,2022,18,4.02,quinta
UberX,completed,4.92,16.75,8,9,2022,12,3.4,quinta
UberX,completed,1.82,7.74,4,9,2022,12,4.25,domingo
UberX,completed,1.85,10.69,4,9,2022,10,5.78,domingo
UberX,completed,9.82,29.62,2,9,2022,23,3.02,sexta
UberX,completed,7.77,28.03,2,9,2022,20,3.61,sexta
UberX,completed,4.73,17.89,1,9,2022,15,3.78,quinta
UberX,completed,3.43,12.01,31,8,2022,17,3.5,quarta
UberX,completed,5.5,16.37,30,8,2022,17,2.98,terça
UberX,completed,4.62,16.41,29,8,2022,18,3.55,segunda
UberX,completed,6.47,17.86,28,8,2022,12,2.76,domingo
UberX,completed,7.07,22.99,28,8,2022,10,3.25,domingo
UberX,completed,2.19,9.48,24,8,2022,15,4.33,quarta
UberX,completed,5.52,19.89,22,8,2022,11,3.6,segunda
UberX,completed,5.02,15.22,20,8,2022,23,3.03,sábado
UberX,completed,5.19,15.3,20,8,2022,19,2.95,sábado
UberX,completed,1.07,7.58,14,8,2022,19,7.08,domingo
UberX,completed,4.41,10.47,14,8,2022,12,2.37,domingo
UberX,completed,3.99,14.32,13,8,2022,23,3.59,sábado
UberX,completed,4.29,11.56,10,8,2022,9,2.69,quarta
UberX,completed,5.86,15.13,7,8,2022,1,2.58,domingo
UberX,completed,7.83,26.87,6,8,2022,21,3.43,sábado
UberX,completed,5.19,15.26,6,8,2022,19,2.94,sábado
UberX,completed,4.86,23.86,5,8,2022,23,4.91,sexta
UberX,completed,4.96,16.05,5,8,2022,18,3.24,sexta
UberX,completed,5.07,18.66,1,8,2022,12,3.68,segunda
UberX,completed,5.47,13.09,30,7,2022,12,2.39,sábado
UberX,completed,3.67,11.72,11,7,2022,19,3.19,segunda
UberX,completed,6.99,20.99,11,7,2022,16,3.0,segunda
UberX,completed,5.41,16.25,8,7,2022,12,3.0,sexta
UberX,completed,5.92,22.36,8,7,2022,1,3.78,sexta
UberX,completed,6.3,20.47,25,6,2022,20,3.25,sábado
UberX,completed,7.62,19.8,25,6,2022,18,2.6,sábado
UberX,completed,4.86,21.17,10,6,2022,2,4.36,sexta
UberX,completed,4.96,17.56,9,6,2022,22,3.54,quinta
UberX,completed,3.82,11.3,5,6,2022,19,2.96,domingo
UberX,completed,0.63,8.38,3,6,2022,22,13.3,sexta
UberX,completed,7.02,17.42,21,5,2022,10,2.48,sábado
UberX,completed,2.33,11.61,10,5,2022,15,4.98,terça
UberX,completed,4.18,10.86,10,5,2022,13,2.6,terça
UberX,completed,4.35,14.19,8,5,2022,11,3.26,domingo
UberX,completed,1.14,11.14,6,5,2022,21,9.77,sexta
UberX,completed,0.98,9.34,4,5,2022,21,9.53,quarta
UberX,completed,1.08,7.23,3,5,2022,11,6.69,terça
UberX,completed,9.12,23.1,30,4,2022,12,2.53,sábado
UberX,completed,2.38,13.42,25,4,2022,21,5.64,segunda
UberX,completed,6.13,14.28,22,4,2022,14,2.33,sexta
UberX,completed,5.2,20.7,12,4,2022,23,3.98,terça
UberX,completed,4.5,14.2,12,4,2022,12,3.16,terça
UberX,completed,4.44,17.2,11,4,2022,21,3.87,segunda
UberX,completed,6.63,35.32,11,4,2022,1,5.33,segunda
UberX,completed,7.12,21.94,10,4,2022,23,3.08,domingo
UberX,completed,6.67,17.49,26,3,2022,11,2.62,sábado
UberX,completed,6.11,18.38,25,3,2022,12,3.01,sexta
UberX,completed,3.01,10.0,21,3,2022,15,3.32,segunda
UberX,completed,5.0,13.89,21,3,2022,13,2.78,segunda
UberX,completed,8.96,21.29,18,3,2022,17,2.38,sexta
UberX,completed,6.42,13.82,12,3,2022,15,2.15,sábado
UberX,completed,7.78,24.29,11,3,2022,13,3.12,sexta
UberX,completed,7.42,17.81,1,3,2022,13,2.4,terça
UberX,completed,7.62,20.02,27,2,2022,21,2.63,domingo
UberX,completed,5.54,25.25,27,2,2022,18,4.56,domingo
UberX,completed,2.44,8.71,19,2,2022,17,3.57,sábado
UberX,completed,5.4,18.35,19,2,2022,13,3.4,sábado
UberX,completed,2.83,9.1,19,2,2022,13,3.22,sábado
UberX,completed,7.12,23.49,14,2,2022,16,3.3,segunda
UberX,completed,4.38,12.57,9,2,2022,12,2.87,quarta
UberX,completed,6.58,21.13,23,12,2021,9,3.21,quinta
UberX,completed,9.52,26.04,18,12,2021,20,2.74,sábado
UberX,completed,8.87,21.52,13,12,2021,15,2.43,segunda
UberX,completed,2.64,10.08,13,12,2021,14,3.82,segunda
UberX,completed,4.02,13.21,13,12,2021,13,3.29,segunda
UberX,completed,4.43,9.68,11,12,2021,21,2.19,sábado
UberX,completed,2.6,9.6,9,12,2021,20,3.69,quinta
UberX,completed,6.91,14.38,9,12,2021,19,2.08,quinta
UberX,completed,7.13,22.5,9,12,2021,16,3.16,quinta
UberX,completed,3.78,11.38,9,12,2021,14,3.01,quinta
UberX,completed,1.3,12.36,9,12,2021,12,9.51,quinta
UberX,completed,2.41,9.14,8,12,2021,20,3.79,quarta
UberX,completed,7.74,20.44,5,12,2021,13,2.64,domingo
UberX,completed,6.35,19.89,4,12,2021,18,3.13,sábado
UberX,completed,8.22,29.03,4,12,2021,13,3.53,sábado
UberX,completed,8.11,17.45,1,12,2021,14,2.15,quarta
UberX,completed,7.59,17.82,1,12,2021,3,2.35,quarta
UberX,completed,4.28,11.15,13,11,2021,21,2.61,sábado
UberX,completed,1.57,8.69,4,11,2021,16,5.54,quinta
UberX,completed,7.11,19.1,4,11,2021,12,2.69,quinta
UberX Promo,completed,10.98,23.33,18,10,2021,13,2.12,segunda
UberX,completed,9.22,23.47,18,10,2021,9,2.55,segunda
UberX,completed,2.44,10.17,12,10,2021,18,4.17,terça
UberX Promo,completed,5.13,11.69,12,10,2021,14,2.28,terça
UberX Promo,completed,4.11,9.92,12,10,2021,13,2.41,terça
UberX,completed,4.34,10.79,12,10,2021,11,2.49,terça
UberX,completed,6.82,21.72,5,10,2021,16,3.18,terça
UberX,completed,7.48,28.54,30,9,2021,19,3.82,quinta
UberX,completed,9.25,21.24,19,9,2021,14,2.3,domingo
UberX,completed,4.91,15.34,11,9,2021,22,3.12,sábado
UberX,completed,2.76,10.5,7,9,2021,21,3.8,terça
UberX,completed,0.32,8.57,7,9,2021,16,26.78,terça
UberX,completed,2.68,8.94,7,9,2021,16,3.34,terça
UberX,completed,5.82,21.03,5,9,2021,23,3.61,domingo
UberX,completed,5.54,20.26,5,9,2021,22,3.66,domingo
UberX,completed,8.65,21.89,28,8,2021,19,2.53,sábado
UberX,completed,7.49,20.46,26,8,2021,12,2.73,quinta
UberX,completed,4.79,17.16,20,8,2021,12,3.58,sexta
